pca_x,pca_y,tsne_x,tsne_y,label,label_name,path,cluster_kmeans,cluster_dbscan,cluster_cah,pseudo_label
11.796742,-16.795172,-14.655287,4.245619,,inconnu,/home/valentin/Env_Python/OC_P9/mri_dataset_brain_cancer_oc/sans_label/317c9a6a-1657-4c88-9c01-fb2ea0863b01.jpg,0.0,0.0,0.0,0.0
5.434116,-6.3540683,-15.860638,0.9226773,,inconnu,/home/valentin/Env_Python/OC_P9/mri_dataset_brain_cancer_oc/sans_label/3a1ca119-8f2b-4337-9df5-89dfc23dc9e4.jpg,0.0,-1.0,0.0,0.0
-12.099272,8.373499,6.487551,-8.008661,1.0,cancer,/home/valentin/Env_Python/OC_P9/mri_dataset_brain_cancer_oc/avec_labels/cancer/c6c3d533-e366-42ff-9e69-fa2823910709.jpg,,,,
8.519474,2.1334846,-17.8713,8.848399,0.0,normal,/home/valentin/Env_Python/OC_P9/mri_dataset_brain_cancer_oc/avec_labels/normal/b8a6c84a-b258-475d-b97d-7612bad79cad.jpg,,,,
12.384844,-9.430408,-15.963441,2.7638695,1.0,cancer,/home/valentin/Env_Python/OC_P9/mri_dataset_brain_cancer_oc/avec_labels/cancer/bbde529e-fccd-4dc5-adfa-622852402a67.jpg,,,,
-14.560707,-7.0931516,8.026149,-14.925531,,inconnu,/home/valentin/Env_Python/OC_P9/mri_dataset_brain_cancer_oc/sans_label/8cd4ed59-139f-4290-8455-05132107b115.jpg,1.0,-1.0,1.0,1.0
-15.130214,13.710287,4.910586,-20.658651,,inconnu,/home/valentin/Env_Python/OC_P9/mri_dataset_brain_cancer_oc/sans_label/63493130-2687-4ed7-90a0-c5f26adad303.jpg,1.0,-1.0,1.0,1.0
15.240566,-14.0147,-11.931869,5.6262035,,inconnu,/home/valentin/Env_Python/OC_P9/mri_dataset_brain_cancer_oc/sans_label/09f30dac-5d5f-42bd-b9b9-43befa636dfd.jpg,0.0,0.0,0.0,0.0
10.826997,17.426636,-9.94506,14.848165,1.0,cancer,/home/valentin/Env_Python/OC_P9/mri_dataset_brain_cancer_oc/avec_labels/cancer/85b4ab96-9a8b-4cbf-a771-55f4830978fc.jpg,,,,
-8.290493,3.594544,7.017732,-5.861989,,inconnu,/home/valentin/Env_Python/OC_P9/mri_dataset_brain_cancer_oc/sans_label/92100fd8-bdbd-49a3-bf65-3f66201a4f35.jpg,1.0,2.0,1.0,1.0
12.337441,-13.462895,-9.746571,4.401812,1.0,cancer,/home/valentin/Env_Python/OC_P9/mri_dataset_brain_cancer_oc/avec_labels/cancer/9de0f27b-f3db-4bd7-a2ad-6e785ef36cdc.jpg,,,,
11.399509,19.142632,-14.1036825,20.221897,,inconnu,/home/valentin/Env_Python/OC_P9/mri_dataset_brain_cancer_oc/sans_label/de106e37-d0be-4d89-b3c9-a6018a602838.jpg,0.0,1.0,0.0,0.0
-20.130898,3.3120747,7.3095965,-14.16502,,inconnu,/home/valentin/Env_Python/OC_P9/mri_dataset_brain_cancer_oc/sans_label/6691bbb0-a19f-4ac0-abb6-5614543e173e.jpg,1.0,-1.0,1.0,1.0
-17.428911,4.178399,4.2641387,-13.055931,,inconnu,/home/valentin/Env_Python/OC_P9/mri_dataset_brain_cancer_oc/sans_label/eca6422c-b1dd-4d70-a161-cce649119176.jpg,1.0,-1.0,1.0,1.0
-12.331133,0.25387558,6.7540536,-5.297529,,inconnu,/home/valentin/Env_Python/OC_P9/mri_dataset_brain_cancer_oc/sans_label/5d9c556c-ccf4-4960-a0c4-3fd6a3043fac.jpg,1.0,-1.0,1.0,1.0
17.181122,4.912924,-7.4309864,18.653318,,inconnu,/home/valentin/Env_Python/OC_P9/mri_dataset_brain_cancer_oc/sans_label/17fa3bf0-3fe1-44ae-b516-d6ef2f23fa48.jpg,0.0,1.0,0.0,0.0
-15.238916,3.109927,5.6128907,-18.259542,,inconnu,/home/valentin/Env_Python/OC_P9/mri_dataset_brain_cancer_oc/sans_label/0746ecad-9485-4245-a119-cdbe6f074d7a.jpg,1.0,5.0,1.0,1.0
17.486706,7.2617965,-7.4231167,19.385372,1.0,cancer,/home/valentin/Env_Python/OC_P9/mri_dataset_brain_cancer_oc/avec_labels/cancer/cb4e6fda-be13-454b-bbda-f75e184444d5.jpg,,,,
-17.192078,-4.494303,12.223601,-8.664497,,inconnu,/home/valentin/Env_Python/OC_P9/mri_dataset_brain_cancer_oc/sans_label/f6a21abe-1f7c-4bba-8f41-46db83b082e7.jpg,1.0,2.0,1.0,1.0
1.7307292,6.6130505,-5.509006,1.5801305,,inconnu,/home/valentin/Env_Python/OC_P9/mri_dataset_brain_cancer_oc/sans_label/f2f55cc9-c4ed-4aaf-b6dc-6ea55f213df8.jpg,0.0,-1.0,0.0,0.0
20.96152,12.358587,-9.033158,19.51574,,inconnu,/home/valentin/Env_Python/OC_P9/mri_dataset_brain_cancer_oc/sans_label/bf057df5-c436-4d56-bae3-66f6e9fc071f.jpg,0.0,1.0,0.0,0.0
-10.502309,-9.986535,7.641634,-3.4437392,1.0,cancer,/home/valentin/Env_Python/OC_P9/mri_dataset_brain_cancer_oc/avec_labels/cancer/0c6f3641-60d9-4a76-abe5-de89d55d5f2c.jpg,,,,
16.040293,-10.582511,-11.082496,10.110096,,inconnu,/home/valentin/Env_Python/OC_P9/mri_dataset_brain_cancer_oc/sans_label/15e2a58c-8b50-481e-bcb0-b9b4b2e16a26.jpg,0.0,0.0,0.0,0.0
19.77562,5.293907,-7.21916,20.685036,,inconnu,/home/valentin/Env_Python/OC_P9/mri_dataset_brain_cancer_oc/sans_label/3b1f05e1-7b97-4e82-9574-61f36a179d1c.jpg,0.0,1.0,0.0,0.0
-5.802553,7.91321,11.460092,-7.2399945,,inconnu,/home/valentin/Env_Python/OC_P9/mri_dataset_brain_cancer_oc/sans_label/aed7d082-bf4a-4f7b-bcac-437cb3453640.jpg,1.0,2.0,1.0,1.0
14.373075,17.151237,-11.680032,22.596455,,inconnu,/home/valentin/Env_Python/OC_P9/mri_dataset_brain_cancer_oc/sans_label/38330f8d-b1b3-4c5d-a9aa-5637ea96a44d.jpg,0.0,1.0,0.0,0.0
8.796381,9.688213,3.2618177,4.9915752,,inconnu,/home/valentin/Env_Python/OC_P9/mri_dataset_brain_cancer_oc/sans_label/2433d50c-ce05-4641-8db6-515a8a1bf78e.jpg,0.0,3.0,0.0,0.0
11.507327,-12.76239,-12.980526,5.4229097,,inconnu,/home/valentin/Env_Python/OC_P9/mri_dataset_brain_cancer_oc/sans_label/cb6c7d10-bc8f-4c3c-aa6a-868b8897e4b4.jpg,0.0,0.0,0.0,0.0
-17.443808,13.083363,0.59901327,-18.500828,0.0,normal,/home/valentin/Env_Python/OC_P9/mri_dataset_brain_cancer_oc/avec_labels/normal/ab973d15-084b-402c-9ffe-3b953ad26f4b.jpg,,,,
11.920441,-10.35064,-10.968761,5.844263,1.0,cancer,/home/valentin/Env_Python/OC_P9/mri_dataset_brain_cancer_oc/avec_labels/cancer/27149ff6-8363-4942-a72a-eb7e38e77099.jpg,,,,
-17.011826,6.0526648,4.0272355,-16.343237,,inconnu,/home/valentin/Env_Python/OC_P9/mri_dataset_brain_cancer_oc/sans_label/a94640dc-32e9-4842-ae35-28769b867234.jpg,1.0,5.0,1.0,1.0
-11.987115,12.794141,-0.6596336,-19.3144,,inconnu,/home/valentin/Env_Python/OC_P9/mri_dataset_brain_cancer_oc/sans_label/f35bfd59-19e6-4ec8-85b6-0fef8699f961.jpg,1.0,-1.0,1.0,1.0
0.60093546,8.795175,5.624559,3.9152112,,inconnu,/home/valentin/Env_Python/OC_P9/mri_dataset_brain_cancer_oc/sans_label/73c7dece-6cf7-419d-9879-0c029dbaea7d.jpg,0.0,3.0,0.0,0.0
27.083582,2.2846096,-6.389367,17.331236,1.0,cancer,/home/valentin/Env_Python/OC_P9/mri_dataset_brain_cancer_oc/avec_labels/cancer/bf7004d5-af81-4cf6-8411-b5105eeecda1.jpg,,,,
14.669247,-14.340283,-16.186674,5.1519175,,inconnu,/home/valentin/Env_Python/OC_P9/mri_dataset_brain_cancer_oc/sans_label/d1285cba-dad1-4341-98a3-adad89f59293.jpg,0.0,0.0,0.0,0.0
-17.636827,-3.9293861,7.90752,-12.867721,,inconnu,/home/valentin/Env_Python/OC_P9/mri_dataset_brain_cancer_oc/sans_label/8e4d9f11-5d50-4942-98f8-50458fd0974c.jpg,1.0,-1.0,1.0,1.0
16.916143,9.57813,-3.1732018,18.929558,,inconnu,/home/valentin/Env_Python/OC_P9/mri_dataset_brain_cancer_oc/sans_label/cb79220e-bebb-4328-87e5-917ca51607ed.jpg,0.0,1.0,0.0,0.0
11.951917,1.2100929,-9.085302,9.059606,,inconnu,/home/valentin/Env_Python/OC_P9/mri_dataset_brain_cancer_oc/sans_label/22e19048-13e2-4291-aa71-662bfad293fc.jpg,0.0,0.0,0.0,0.0
14.678117,0.34996128,-6.2081647,5.1901927,,inconnu,/home/valentin/Env_Python/OC_P9/mri_dataset_brain_cancer_oc/sans_label/201a4b53-cca5-4923-a87f-36178d619635.jpg,0.0,-1.0,0.0,0.0
-13.450367,0.018023638,8.818068,-9.108509,1.0,cancer,/home/valentin/Env_Python/OC_P9/mri_dataset_brain_cancer_oc/avec_labels/cancer/fb26fe09-029a-4386-a7eb-0b00c87a675d.jpg,,,,
-13.902521,-7.965245,13.841394,-2.785183,,inconnu,/home/valentin/Env_Python/OC_P9/mri_dataset_brain_cancer_oc/sans_label/c8ebc7e1-3459-48bc-a223-2b990f2c8bc1.jpg,1.0,4.0,1.0,1.0
-14.116373,-14.651241,11.619512,-2.9619522,,inconnu,/home/valentin/Env_Python/OC_P9/mri_dataset_brain_cancer_oc/sans_label/622159c6-bf81-4300-82ac-ec4583143d51.jpg,1.0,4.0,1.0,1.0
-12.574235,-17.923025,12.784533,-3.8170972,,inconnu,/home/valentin/Env_Python/OC_P9/mri_dataset_brain_cancer_oc/sans_label/e435db67-2d1f-472d-950c-079edf57fadd.jpg,1.0,4.0,1.0,1.0
-11.937095,13.989848,0.41279513,-16.1998,0.0,normal,/home/valentin/Env_Python/OC_P9/mri_dataset_brain_cancer_oc/avec_labels/normal/64b1b1ba-52e5-449d-9537-d2a1e07c0b10.jpg,,,,
-15.295154,17.615995,-1.696153,-11.907982,,inconnu,/home/valentin/Env_Python/OC_P9/mri_dataset_brain_cancer_oc/sans_label/c985dd7a-d3de-4c84-9266-953a930bd722.jpg,1.0,-1.0,1.0,1.0
-17.137491,-14.446415,14.774301,-13.261453,,inconnu,/home/valentin/Env_Python/OC_P9/mri_dataset_brain_cancer_oc/sans_label/f052ad55-d9ab-446a-a19d-e85ff46f138c.jpg,1.0,-1.0,1.0,1.0
-3.0185041,-5.4341397,4.1840835,-1.4643435,,inconnu,/home/valentin/Env_Python/OC_P9/mri_dataset_brain_cancer_oc/sans_label/70a8c350-f1f7-4f3c-a258-04e128d81fd5.jpg,1.0,-1.0,1.0,1.0
9.496807,-4.276103,2.3786297,7.896376,,inconnu,/home/valentin/Env_Python/OC_P9/mri_dataset_brain_cancer_oc/sans_label/56c4e87b-d26c-4163-aad6-cc18cdb31c4d.jpg,0.0,3.0,0.0,0.0
0.17660967,-5.979462,-5.4549837,2.2512717,,inconnu,/home/valentin/Env_Python/OC_P9/mri_dataset_brain_cancer_oc/sans_label/dc7d9dff-d4c3-40a9-b395-241a0b78ac0a.jpg,1.0,-1.0,0.0,1.0
-13.3822975,-7.6198487,8.171967,-2.3215783,0.0,normal,/home/valentin/Env_Python/OC_P9/mri_dataset_brain_cancer_oc/avec_labels/normal/22164f5b-9b9f-4fcc-897a-9f902d730bbe.jpg,,,,
7.1030617,-7.152625,-15.344537,1.1002586,1.0,cancer,/home/valentin/Env_Python/OC_P9/mri_dataset_brain_cancer_oc/avec_labels/cancer/2b810835-844c-49ff-b0f1-c7a71a0c696c.jpg,,,,
-24.890593,-15.824312,12.370756,-15.013912,,inconnu,/home/valentin/Env_Python/OC_P9/mri_dataset_brain_cancer_oc/sans_label/2d1efda4-14be-478c-922e-4949e3580eb4.jpg,1.0,-1.0,1.0,1.0
20.85245,8.649235,-7.454144,11.858948,1.0,cancer,/home/valentin/Env_Python/OC_P9/mri_dataset_brain_cancer_oc/avec_labels/cancer/a038584c-fc3c-4f82-9a7c-1c4bb7339c2e.jpg,,,,
12.694448,4.945808,1.3441274,6.742975,,inconnu,/home/valentin/Env_Python/OC_P9/mri_dataset_brain_cancer_oc/sans_label/27ca19d4-03b2-4968-90c0-855c32d76c13.jpg,0.0,3.0,0.0,0.0
16.096117,-13.789126,-12.272034,6.6817427,,inconnu,/home/valentin/Env_Python/OC_P9/mri_dataset_brain_cancer_oc/sans_label/0b52ef0e-2a70-40c9-902d-2fd6ce8f37bf.jpg,0.0,0.0,0.0,0.0
-14.816819,-11.553657,12.164341,-3.0307431,,inconnu,/home/valentin/Env_Python/OC_P9/mri_dataset_brain_cancer_oc/sans_label/87caab74-b3e2-422b-af3a-0b253c9966c2.jpg,1.0,4.0,1.0,1.0
9.046584,-12.36153,-12.454558,6.6229033,,inconnu,/home/valentin/Env_Python/OC_P9/mri_dataset_brain_cancer_oc/sans_label/88d5e066-3735-4d6d-b729-de99cd014914.jpg,0.0,0.0,0.0,0.0
-20.22197,18.411997,-1.8399935,-11.589482,,inconnu,/home/valentin/Env_Python/OC_P9/mri_dataset_brain_cancer_oc/sans_label/55938246-aacc-4725-8e13-59d3bfaaf974.jpg,1.0,-1.0,1.0,1.0
8.398818,-3.8070626,1.9094821,8.145206,,inconnu,/home/valentin/Env_Python/OC_P9/mri_dataset_brain_cancer_oc/sans_label/c357845a-2ebc-4dec-a129-59c1b34283a1.jpg,0.0,3.0,0.0,0.0
-10.051324,-17.681704,12.128511,-0.90253866,,inconnu,/home/valentin/Env_Python/OC_P9/mri_dataset_brain_cancer_oc/sans_label/56f2989c-2983-4d9e-8cfd-2aceae7cad0e.jpg,1.0,4.0,1.0,1.0
17.29118,6.54069,-11.182151,11.484478,,inconnu,/home/valentin/Env_Python/OC_P9/mri_dataset_brain_cancer_oc/sans_label/0477e002-4775-44e2-84d9-52b93f5ee697.jpg,0.0,0.0,0.0,0.0
18.95326,-11.93198,-9.864082,6.195418,,inconnu,/home/valentin/Env_Python/OC_P9/mri_dataset_brain_cancer_oc/sans_label/bd823626-a1df-46de-9e4a-f93c6b12600d.jpg,0.0,0.0,0.0,0.0
16.094341,4.048628,-5.985741,19.745457,1.0,cancer,/home/valentin/Env_Python/OC_P9/mri_dataset_brain_cancer_oc/avec_labels/cancer/ed12774e-df91-40f1-aed6-77a5a53ede2d.jpg,,,,
13.107383,-6.89366,-10.614837,7.7650666,,inconnu,/home/valentin/Env_Python/OC_P9/mri_dataset_brain_cancer_oc/sans_label/7748b371-a3ee-4659-8979-c941e99d0094.jpg,0.0,0.0,0.0,0.0
7.88836,-1.4195102,-13.74812,0.9188575,,inconnu,/home/valentin/Env_Python/OC_P9/mri_dataset_brain_cancer_oc/sans_label/b168a97e-f1f6-44ab-a561-1fc9f764beb5.jpg,0.0,-1.0,0.0,0.0
-11.656831,20.459808,13.060263,-6.744365,,inconnu,/home/valentin/Env_Python/OC_P9/mri_dataset_brain_cancer_oc/sans_label/0ff7db8a-f8c2-4038-ab40-1d21295598dd.jpg,1.0,2.0,1.0,1.0
-8.140343,-11.134991,10.470468,-5.912057,,inconnu,/home/valentin/Env_Python/OC_P9/mri_dataset_brain_cancer_oc/sans_label/f0b03911-2262-43b9-9e50-30a1bf93f2e0.jpg,1.0,2.0,1.0,1.0
-13.460623,-14.372496,9.362636,-1.3634479,,inconnu,/home/valentin/Env_Python/OC_P9/mri_dataset_brain_cancer_oc/sans_label/7e79b591-17a1-4687-aeff-f11849221fab.jpg,1.0,4.0,1.0,1.0
-15.98064,3.18179,14.14826,-1.2432775,0.0,normal,/home/valentin/Env_Python/OC_P9/mri_dataset_brain_cancer_oc/avec_labels/normal/42ba7707-26c1-42bc-a00f-3d456741ef96.jpg,,,,
-6.671975,6.0351334,9.652972,-7.580908,,inconnu,/home/valentin/Env_Python/OC_P9/mri_dataset_brain_cancer_oc/sans_label/62125f5d-8ac3-48a7-851b-ea7dde08bc50.jpg,1.0,2.0,1.0,1.0
9.943554,-16.618237,-15.428787,9.006285,1.0,cancer,/home/valentin/Env_Python/OC_P9/mri_dataset_brain_cancer_oc/avec_labels/cancer/d8178c68-a01b-4d41-973d-bbd052aa7a4a.jpg,,,,
-16.314962,-4.383801,8.871047,-15.89665,,inconnu,/home/valentin/Env_Python/OC_P9/mri_dataset_brain_cancer_oc/sans_label/a3625935-0405-40a2-b406-1c412fffc7f3.jpg,1.0,-1.0,1.0,1.0
14.65478,-9.879331,-9.952729,1.7077785,,inconnu,/home/valentin/Env_Python/OC_P9/mri_dataset_brain_cancer_oc/sans_label/2e671412-32fd-4136-9844-f7053b0696c9.jpg,0.0,0.0,0.0,0.0
-18.206514,3.092231,4.1536527,-16.375546,,inconnu,/home/valentin/Env_Python/OC_P9/mri_dataset_brain_cancer_oc/sans_label/f5b50212-f975-4a37-afa5-032b2a003298.jpg,1.0,5.0,1.0,1.0
-20.39323,-3.9000247,10.354899,-18.500147,,inconnu,/home/valentin/Env_Python/OC_P9/mri_dataset_brain_cancer_oc/sans_label/e0b8c2ee-5521-4b40-8196-5ae4dee04737.jpg,1.0,-1.0,1.0,1.0
-5.066682,-14.863652,10.470179,1.1004438,1.0,cancer,/home/valentin/Env_Python/OC_P9/mri_dataset_brain_cancer_oc/avec_labels/cancer/3c3d07cb-ec2a-43b0-b8a3-3a51573ad930.jpg,,,,
-18.049324,-16.409815,9.844017,-1.2164888,,inconnu,/home/valentin/Env_Python/OC_P9/mri_dataset_brain_cancer_oc/sans_label/52cc60ff-dedd-4ed0-be2a-7538d2ed96d7.jpg,1.0,4.0,1.0,1.0
-22.30082,14.186206,1.7599461,-21.918736,0.0,normal,/home/valentin/Env_Python/OC_P9/mri_dataset_brain_cancer_oc/avec_labels/normal/e3257bee-1143-4866-9d50-618c4ce1413e.jpg,,,,
-16.891857,11.878783,2.6652853,-12.891719,,inconnu,/home/valentin/Env_Python/OC_P9/mri_dataset_brain_cancer_oc/sans_label/c803aed7-757d-42f7-92ee-363b9dc79499.jpg,1.0,-1.0,1.0,1.0
9.189081,3.152675,4.616348,6.463792,,inconnu,/home/valentin/Env_Python/OC_P9/mri_dataset_brain_cancer_oc/sans_label/1782f7fc-1cda-46c0-a644-e2d6d6ab8301.jpg,0.0,3.0,0.0,0.0
13.246503,-18.064014,-11.619973,4.475733,,inconnu,/home/valentin/Env_Python/OC_P9/mri_dataset_brain_cancer_oc/sans_label/b81d8697-0c53-4884-ae67-451f03c49cf3.jpg,0.0,0.0,0.0,0.0
5.089285,10.517962,2.6271808,3.748993,,inconnu,/home/valentin/Env_Python/OC_P9/mri_dataset_brain_cancer_oc/sans_label/ecd494ef-9aed-48e7-a2a3-99c91b46bfed.jpg,0.0,3.0,0.0,0.0
-13.972243,0.27882898,10.0494585,-8.554556,,inconnu,/home/valentin/Env_Python/OC_P9/mri_dataset_brain_cancer_oc/sans_label/0f4162e3-e08f-4d7c-b4a9-6241511b0d74.jpg,1.0,2.0,1.0,1.0
20.578543,7.6009893,-8.124201,20.449226,,inconnu,/home/valentin/Env_Python/OC_P9/mri_dataset_brain_cancer_oc/sans_label/fced49dd-3752-42a0-a55c-03bc4e627614.jpg,0.0,1.0,0.0,0.0
19.048164,-7.82618,-10.446467,8.538515,,inconnu,/home/valentin/Env_Python/OC_P9/mri_dataset_brain_cancer_oc/sans_label/1bc063fa-c3ce-44e1-bd90-7e9aab3fee83.jpg,0.0,0.0,0.0,0.0
20.995214,-12.822642,-11.014549,3.572877,,inconnu,/home/valentin/Env_Python/OC_P9/mri_dataset_brain_cancer_oc/sans_label/dc1bf07f-df38-49bf-8310-af79d9ccf51c.jpg,0.0,0.0,0.0,0.0
19.336567,9.060357,-9.499825,18.143393,1.0,cancer,/home/valentin/Env_Python/OC_P9/mri_dataset_brain_cancer_oc/avec_labels/cancer/bb6a90e9-c19c-4a19-b5f8-b11460f393fe.jpg,,,,
-8.602265,-15.23494,9.05368,-2.9848742,,inconnu,/home/valentin/Env_Python/OC_P9/mri_dataset_brain_cancer_oc/sans_label/55ff4348-5711-47d8-9482-11fdfae5a64a.jpg,1.0,4.0,1.0,1.0
26.219357,1.7383678,-3.6795988,17.24553,,inconnu,/home/valentin/Env_Python/OC_P9/mri_dataset_brain_cancer_oc/sans_label/140df938-9d81-4fd3-806b-2b429eeb54cc.jpg,0.0,1.0,0.0,0.0
-17.335854,-7.013496,6.878587,-16.588705,0.0,normal,/home/valentin/Env_Python/OC_P9/mri_dataset_brain_cancer_oc/avec_labels/normal/4660cb59-2980-4933-a315-3326eb72148e.jpg,,,,
21.247519,13.419131,-6.931724,21.825855,,inconnu,/home/valentin/Env_Python/OC_P9/mri_dataset_brain_cancer_oc/sans_label/3faa6891-dd9c-41b2-aca3-0b87b22eb6b6.jpg,0.0,1.0,0.0,0.0
-14.195967,17.154463,3.1763735,-23.570631,,inconnu,/home/valentin/Env_Python/OC_P9/mri_dataset_brain_cancer_oc/sans_label/176911ef-fb4a-4bd2-b480-df63e7ef8ea7.jpg,1.0,-1.0,1.0,1.0
-15.264041,16.412754,14.910439,-7.3777905,,inconnu,/home/valentin/Env_Python/OC_P9/mri_dataset_brain_cancer_oc/sans_label/a506ca92-55af-4bb7-a08e-0680c32a0204.jpg,1.0,2.0,1.0,1.0
-16.720657,0.5140637,5.1506734,-6.165751,0.0,normal,/home/valentin/Env_Python/OC_P9/mri_dataset_brain_cancer_oc/avec_labels/normal/a0b8c8bc-8784-4af3-843c-f91b0d1e503f.jpg,,,,
-22.970404,-5.0864654,9.180676,-12.11446,0.0,normal,/home/valentin/Env_Python/OC_P9/mri_dataset_brain_cancer_oc/avec_labels/normal/09316c60-86c8-4f24-934e-8d433b8b9d72.jpg,,,,
-1.4509765,7.6822863,6.527184,2.865305,,inconnu,/home/valentin/Env_Python/OC_P9/mri_dataset_brain_cancer_oc/sans_label/210facbb-8d77-4a08-9f8e-f52d0c9872c9.jpg,1.0,-1.0,1.0,1.0
-21.0915,2.4540122,7.1079803,-10.320184,0.0,normal,/home/valentin/Env_Python/OC_P9/mri_dataset_brain_cancer_oc/avec_labels/normal/c04639ab-3a69-4632-8740-651317d7a382.jpg,,,,
5.773584,-3.3980217,1.9294761,5.419984,,inconnu,/home/valentin/Env_Python/OC_P9/mri_dataset_brain_cancer_oc/sans_label/009eac4a-c951-4da9-852a-b32e9ce20c6e.jpg,0.0,3.0,0.0,0.0
-16.085867,-1.920911,4.732332,-16.109676,0.0,normal,/home/valentin/Env_Python/OC_P9/mri_dataset_brain_cancer_oc/avec_labels/normal/b24be149-f92f-41bf-bc4f-bf1953122ab8.jpg,,,,
10.9675865,-14.182518,-14.89224,9.207255,,inconnu,/home/valentin/Env_Python/OC_P9/mri_dataset_brain_cancer_oc/sans_label/1be11da9-3864-4551-b6b3-e5a860d5bc3d.jpg,0.0,0.0,0.0,0.0
-18.979322,-1.4845948,5.189192,-14.10309,0.0,normal,/home/valentin/Env_Python/OC_P9/mri_dataset_brain_cancer_oc/avec_labels/normal/d86f39ec-55a1-4484-bcfd-78d5debb43f8.jpg,,,,
2.0523717,-17.557192,-18.253658,4.8878903,,inconnu,/home/valentin/Env_Python/OC_P9/mri_dataset_brain_cancer_oc/sans_label/ba6e94c8-06f0-4750-9ff8-d444eb24d50e.jpg,0.0,-1.0,0.0,0.0
16.419548,19.1057,-12.765522,21.743847,,inconnu,/home/valentin/Env_Python/OC_P9/mri_dataset_brain_cancer_oc/sans_label/88f457e4-1b74-4ad3-a1df-6aeb558849f0.jpg,0.0,1.0,0.0,0.0
21.908129,9.172545,-8.118249,18.49662,,inconnu,/home/valentin/Env_Python/OC_P9/mri_dataset_brain_cancer_oc/sans_label/d52b603e-de7e-4923-9580-75ecf947f3bf.jpg,0.0,1.0,0.0,0.0
-18.979322,-1.4845948,5.189192,-14.10309,0.0,normal,/home/valentin/Env_Python/OC_P9/mri_dataset_brain_cancer_oc/avec_labels/normal/71f8bd3d-58a9-485f-860d-cfca5fd01bae.jpg,,,,
15.224083,-3.630453,-12.50589,10.873729,,inconnu,/home/valentin/Env_Python/OC_P9/mri_dataset_brain_cancer_oc/sans_label/2c4fa56e-5827-4398-8d9c-9b7a8ad5b1cf.jpg,0.0,0.0,0.0,0.0
3.7888763,0.08492806,-0.1646779,2.3496318,1.0,cancer,/home/valentin/Env_Python/OC_P9/mri_dataset_brain_cancer_oc/avec_labels/cancer/be3210d7-e2d1-4cc3-ba77-c1941fd0042a.jpg,,,,
8.992153,-1.1444613,2.1670158,6.767876,1.0,cancer,/home/valentin/Env_Python/OC_P9/mri_dataset_brain_cancer_oc/avec_labels/cancer/972144a3-6ecd-47af-a5dd-e91ab48a21b9.jpg,,,,
-20.899973,-4.7951336,10.97915,-17.820585,0.0,normal,/home/valentin/Env_Python/OC_P9/mri_dataset_brain_cancer_oc/avec_labels/normal/500ef89c-b724-4799-9d49-37f8fdafa1f6.jpg,,,,
-15.280828,-20.408083,13.105002,-11.499262,0.0,normal,/home/valentin/Env_Python/OC_P9/mri_dataset_brain_cancer_oc/avec_labels/normal/3e3f6d78-0983-46a9-8755-a67b5f3f5b20.jpg,,,,
-23.59566,-15.049957,12.654298,-15.257325,0.0,normal,/home/valentin/Env_Python/OC_P9/mri_dataset_brain_cancer_oc/avec_labels/normal/9e761fb7-da77-4feb-b268-2d873293ee78.jpg,,,,
-19.61348,-3.2640562,5.957302,-11.682928,,inconnu,/home/valentin/Env_Python/OC_P9/mri_dataset_brain_cancer_oc/sans_label/a24e6a4f-5dca-498f-9329-1e6cfe84b131.jpg,1.0,-1.0,1.0,1.0
14.478252,-6.697912,-14.7308235,7.652564,,inconnu,/home/valentin/Env_Python/OC_P9/mri_dataset_brain_cancer_oc/sans_label/8f3552d6-9507-4303-aaf2-9e296c0232b1.jpg,0.0,0.0,0.0,0.0
-12.827914,15.7551365,1.4349533,-16.703985,,inconnu,/home/valentin/Env_Python/OC_P9/mri_dataset_brain_cancer_oc/sans_label/9910a342-b82a-40e3-af17-13e22971b18f.jpg,1.0,6.0,1.0,1.0
18.309757,-5.5877023,-13.275925,11.265486,,inconnu,/home/valentin/Env_Python/OC_P9/mri_dataset_brain_cancer_oc/sans_label/da45f349-f490-49d7-8fb6-c427c7ccf898.jpg,0.0,0.0,0.0,0.0
8.261691,-3.8262792,-15.707252,11.453738,,inconnu,/home/valentin/Env_Python/OC_P9/mri_dataset_brain_cancer_oc/sans_label/72d3d361-d735-460b-baa5-97c6c5a089c8.jpg,0.0,0.0,0.0,0.0
15.41481,-13.062293,-11.263369,2.9068127,,inconnu,/home/valentin/Env_Python/OC_P9/mri_dataset_brain_cancer_oc/sans_label/629ce647-ee7a-40ef-95a5-c991c5ba7665.jpg,0.0,0.0,0.0,0.0
-21.365099,10.464667,5.536812,-16.985157,,inconnu,/home/valentin/Env_Python/OC_P9/mri_dataset_brain_cancer_oc/sans_label/5d54c255-27b9-4656-9450-b0482579555a.jpg,1.0,5.0,1.0,1.0
14.6616125,-7.648211,-13.625769,6.348294,,inconnu,/home/valentin/Env_Python/OC_P9/mri_dataset_brain_cancer_oc/sans_label/36aa97d2-9e9b-4d5a-8b69-ac719d8012e9.jpg,0.0,0.0,0.0,0.0
16.508266,5.8318396,-7.9354625,21.416855,,inconnu,/home/valentin/Env_Python/OC_P9/mri_dataset_brain_cancer_oc/sans_label/89503f10-1f72-4fec-8769-2347375e9b36.jpg,0.0,1.0,0.0,0.0
22.227985,5.28091,-4.4411964,20.181206,,inconnu,/home/valentin/Env_Python/OC_P9/mri_dataset_brain_cancer_oc/sans_label/4b1c65e8-d1c8-46d2-a32f-f47da2f7b33e.jpg,0.0,1.0,0.0,0.0
-5.046076,-8.863749,7.789301,-2.1328208,1.0,cancer,/home/valentin/Env_Python/OC_P9/mri_dataset_brain_cancer_oc/avec_labels/cancer/46587a13-4250-4d3e-b930-7d7be8f96425.jpg,,,,
15.442511,15.3093405,-12.511884,21.49282,,inconnu,/home/valentin/Env_Python/OC_P9/mri_dataset_brain_cancer_oc/sans_label/d4497c4c-7c54-446b-bbaa-9baa85d83cc4.jpg,0.0,1.0,0.0,0.0
-19.253086,-7.6962757,9.64994,-14.959503,0.0,normal,/home/valentin/Env_Python/OC_P9/mri_dataset_brain_cancer_oc/avec_labels/normal/595aa054-274a-4e4b-9a1b-c0c477c80463.jpg,,,,
-5.4833646,0.31656748,2.8821373,-4.2045636,,inconnu,/home/valentin/Env_Python/OC_P9/mri_dataset_brain_cancer_oc/sans_label/fa19fe6b-0859-4a56-94dd-62c88812fd23.jpg,1.0,-1.0,1.0,1.0
11.408018,-16.41817,-15.393966,6.2867427,1.0,cancer,/home/valentin/Env_Python/OC_P9/mri_dataset_brain_cancer_oc/avec_labels/cancer/b79ca26b-a909-4d31-a657-c4f357e3c8e3.jpg,,,,
-1.480013,-1.9387982,-17.956432,2.6359866,1.0,cancer,/home/valentin/Env_Python/OC_P9/mri_dataset_brain_cancer_oc/avec_labels/cancer/2d662cc1-509b-4657-a208-6d181aedd5e3.jpg,,,,
-17.43958,-6.976514,10.857629,-11.402287,0.0,normal,/home/valentin/Env_Python/OC_P9/mri_dataset_brain_cancer_oc/avec_labels/normal/3ebe5f3a-90d3-4e79-af97-3d9584215044.jpg,,,,
-20.985622,-8.7575445,12.825503,-18.460306,0.0,normal,/home/valentin/Env_Python/OC_P9/mri_dataset_brain_cancer_oc/avec_labels/normal/747fe2f6-6c50-4e01-8316-f12c9a0d10e6.jpg,,,,
11.179181,-1.3793911,2.2819812,7.2945666,,inconnu,/home/valentin/Env_Python/OC_P9/mri_dataset_brain_cancer_oc/sans_label/ca23f926-8c7a-4b3d-bc38-4df80d9ef7c7.jpg,0.0,3.0,0.0,0.0
19.63602,12.166582,-8.170405,22.55067,,inconnu,/home/valentin/Env_Python/OC_P9/mri_dataset_brain_cancer_oc/sans_label/e0e5275a-7c43-43ea-8ab8-a174f6468481.jpg,0.0,1.0,0.0,0.0
7.220832,4.1873074,0.16315447,3.0439532,1.0,cancer,/home/valentin/Env_Python/OC_P9/mri_dataset_brain_cancer_oc/avec_labels/cancer/1c043dbb-4623-4769-8e5e-0223bd745040.jpg,,,,
8.54211,-14.822619,-12.695648,4.3239813,,inconnu,/home/valentin/Env_Python/OC_P9/mri_dataset_brain_cancer_oc/sans_label/01fa1329-7524-49f5-8f11-bb9d8717a3fe.jpg,0.0,0.0,0.0,0.0
-26.404575,-4.891499,9.786722,-13.716355,0.0,normal,/home/valentin/Env_Python/OC_P9/mri_dataset_brain_cancer_oc/avec_labels/normal/9922995f-dc68-4b39-87c8-68e54635ce32.jpg,,,,
1.3480012,-6.544494,4.840798,-0.86066085,,inconnu,/home/valentin/Env_Python/OC_P9/mri_dataset_brain_cancer_oc/sans_label/00366e8d-5520-4d3c-a70b-91a7eec1f521.jpg,1.0,-1.0,1.0,1.0
-16.734331,0.09443568,14.821564,-16.73845,,inconnu,/home/valentin/Env_Python/OC_P9/mri_dataset_brain_cancer_oc/sans_label/f028075c-66fb-4764-acfb-39b1daeba4e6.jpg,1.0,-1.0,1.0,1.0
18.364283,2.02012,-5.2136207,18.840683,,inconnu,/home/valentin/Env_Python/OC_P9/mri_dataset_brain_cancer_oc/sans_label/4212e469-4106-4e65-bd52-814351f05619.jpg,0.0,1.0,0.0,0.0
-13.514021,5.9846187,5.052624,-10.756061,0.0,normal,/home/valentin/Env_Python/OC_P9/mri_dataset_brain_cancer_oc/avec_labels/normal/cfda6929-14c5-41b9-b754-6922cb0920dc.jpg,,,,
-17.638649,5.3704553,-1.5873957,-11.946331,,inconnu,/home/valentin/Env_Python/OC_P9/mri_dataset_brain_cancer_oc/sans_label/f9aed2f0-899f-4bc9-b915-85401fa29062.jpg,1.0,-1.0,1.0,1.0
-22.34397,-13.65609,12.274222,-13.696328,0.0,normal,/home/valentin/Env_Python/OC_P9/mri_dataset_brain_cancer_oc/avec_labels/normal/0161f9bf-fa93-4d02-8dce-84bfd49fe6a2.jpg,,,,
-22.970404,-5.0864654,9.180676,-12.11446,,inconnu,/home/valentin/Env_Python/OC_P9/mri_dataset_brain_cancer_oc/sans_label/e1f0b2f9-7016-439b-ae96-b10a4f1b75b1.jpg,1.0,-1.0,1.0,1.0
-22.937208,14.605063,2.8964465,-20.155107,0.0,normal,/home/valentin/Env_Python/OC_P9/mri_dataset_brain_cancer_oc/avec_labels/normal/6eb7dfc4-dd36-41cb-b5ea-f68c01aab86b.jpg,,,,
3.5455563,8.011631,1.1830801,0.7225049,1.0,cancer,/home/valentin/Env_Python/OC_P9/mri_dataset_brain_cancer_oc/avec_labels/cancer/a8319ab8-471b-4d18-bb47-a377c4f9bd38.jpg,,,,
14.315615,-14.410128,-11.501638,1.4274399,,inconnu,/home/valentin/Env_Python/OC_P9/mri_dataset_brain_cancer_oc/sans_label/01f4b8d2-56ed-4d82-ad41-6864de091425.jpg,0.0,0.0,0.0,0.0
19.574446,9.829227,-3.8328695,21.613588,1.0,cancer,/home/valentin/Env_Python/OC_P9/mri_dataset_brain_cancer_oc/avec_labels/cancer/e4412dd3-fd1e-44cc-8258-f136b540c401.jpg,,,,
20.31986,-8.16353,-11.361375,8.182626,,inconnu,/home/valentin/Env_Python/OC_P9/mri_dataset_brain_cancer_oc/sans_label/679bb091-0f65-45dc-9947-9209c0e02c75.jpg,0.0,0.0,0.0,0.0
20.733986,0.7781884,-7.451024,16.657536,,inconnu,/home/valentin/Env_Python/OC_P9/mri_dataset_brain_cancer_oc/sans_label/eb516a02-32f0-4bd5-b7d9-fe046df5ffc8.jpg,0.0,1.0,0.0,0.0
31.641079,14.3223,-6.642359,23.279415,1.0,cancer,/home/valentin/Env_Python/OC_P9/mri_dataset_brain_cancer_oc/avec_labels/cancer/05340cd4-3bb2-459d-9937-bf27d52d8351.jpg,,,,
-7.4204817,40.305798,17.046095,-6.4164443,,inconnu,/home/valentin/Env_Python/OC_P9/mri_dataset_brain_cancer_oc/sans_label/a766a6c1-a58d-4e3e-a88d-dacbbb7fe49f.jpg,1.0,2.0,1.0,1.0
12.075796,1.2038378,-13.225392,12.166369,,inconnu,/home/valentin/Env_Python/OC_P9/mri_dataset_brain_cancer_oc/sans_label/8611541f-1c31-4d41-94b6-ad0d209ff402.jpg,0.0,0.0,0.0,0.0
10.623957,-16.621954,-10.24175,3.8211017,,inconnu,/home/valentin/Env_Python/OC_P9/mri_dataset_brain_cancer_oc/sans_label/2a6017d7-244c-49ae-90f0-f3e5f445d90c.jpg,0.0,0.0,0.0,0.0
-14.786301,12.264602,5.7764487,-22.23082,0.0,normal,/home/valentin/Env_Python/OC_P9/mri_dataset_brain_cancer_oc/avec_labels/normal/6c861380-76ee-490d-bf28-a0232af08c43.jpg,,,,
15.7286625,-3.3678174,-14.136277,10.699525,,inconnu,/home/valentin/Env_Python/OC_P9/mri_dataset_brain_cancer_oc/sans_label/5ed35eaf-bdfa-452f-b7b7-85217d1ca78f.jpg,0.0,0.0,0.0,0.0
-14.380068,16.585909,0.825548,-20.070623,0.0,normal,/home/valentin/Env_Python/OC_P9/mri_dataset_brain_cancer_oc/avec_labels/normal/b1453a6d-1a6e-4749-a86d-0650eda15190.jpg,,,,
-13.235764,22.178555,-0.09387441,-17.88328,,inconnu,/home/valentin/Env_Python/OC_P9/mri_dataset_brain_cancer_oc/sans_label/f199a8c8-85b6-49f4-bebc-f5ba26ff7852.jpg,1.0,-1.0,1.0,1.0
-13.587849,-8.955818,11.489496,-8.709407,,inconnu,/home/valentin/Env_Python/OC_P9/mri_dataset_brain_cancer_oc/sans_label/d2a035b7-4cf5-4a47-8e2c-b37344f54906.jpg,1.0,2.0,1.0,1.0
10.953782,-19.212969,-18.188292,5.1228337,1.0,cancer,/home/valentin/Env_Python/OC_P9/mri_dataset_brain_cancer_oc/avec_labels/cancer/b6a41ca0-aeea-43a8-b629-7c433cf03143.jpg,,,,
-5.1626196,-1.7817074,1.7622305,-1.7723275,1.0,cancer,/home/valentin/Env_Python/OC_P9/mri_dataset_brain_cancer_oc/avec_labels/cancer/0f718241-8f63-4b55-81ce-315324b51069.jpg,,,,
8.616191,3.247887,3.1969883,2.317453,,inconnu,/home/valentin/Env_Python/OC_P9/mri_dataset_brain_cancer_oc/sans_label/e33926b9-f786-48d3-8690-6720daea325c.jpg,0.0,3.0,1.0,0.0
-17.387877,19.731894,2.459019,-17.352362,0.0,normal,/home/valentin/Env_Python/OC_P9/mri_dataset_brain_cancer_oc/avec_labels/normal/41ba782a-10f9-4c8d-8a43-e0b74e3f2329.jpg,,,,
-15.9445305,12.52279,2.9740891,-17.653866,,inconnu,/home/valentin/Env_Python/OC_P9/mri_dataset_brain_cancer_oc/sans_label/5ba37d73-71d7-42f0-9d4f-f5180e6aa90b.jpg,1.0,6.0,1.0,1.0
21.773993,4.7177887,-3.1810615,21.092937,,inconnu,/home/valentin/Env_Python/OC_P9/mri_dataset_brain_cancer_oc/sans_label/acd40feb-efc6-453d-befa-819b9502a4c2.jpg,0.0,1.0,0.0,0.0
15.951989,-4.7620497,-4.9811983,17.539518,,inconnu,/home/valentin/Env_Python/OC_P9/mri_dataset_brain_cancer_oc/sans_label/3b9acde3-0830-4ad3-95ac-fd47b5a7f2e7.jpg,0.0,1.0,0.0,0.0
7.8063674,3.8244996,3.5757647,6.1075864,,inconnu,/home/valentin/Env_Python/OC_P9/mri_dataset_brain_cancer_oc/sans_label/3d6aa1fe-6c9f-4afa-a499-dc909d838e98.jpg,0.0,3.0,0.0,0.0
-14.133841,0.4747772,5.5373874,-9.668519,0.0,normal,/home/valentin/Env_Python/OC_P9/mri_dataset_brain_cancer_oc/avec_labels/normal/e30c2ce4-50bd-44a9-8db0-d54f47cc61b5.jpg,,,,
19.607555,15.279479,-12.706931,15.006382,,inconnu,/home/valentin/Env_Python/OC_P9/mri_dataset_brain_cancer_oc/sans_label/9606cc4f-607d-439a-a18b-54dce8763b99.jpg,0.0,-1.0,0.0,0.0
13.345967,5.665961,1.244292,3.8336043,,inconnu,/home/valentin/Env_Python/OC_P9/mri_dataset_brain_cancer_oc/sans_label/e91ff2a7-3285-4448-bcf3-564247f2e988.jpg,0.0,3.0,0.0,0.0
9.582893,-14.03818,-11.450373,0.7421622,,inconnu,/home/valentin/Env_Python/OC_P9/mri_dataset_brain_cancer_oc/sans_label/fb81733b-ea25-4003-80c7-7e162a731331.jpg,0.0,0.0,0.0,0.0
-22.37517,-0.7875656,11.741312,-20.055851,,inconnu,/home/valentin/Env_Python/OC_P9/mri_dataset_brain_cancer_oc/sans_label/b8b5d78a-1554-4094-bbdb-437564558675.jpg,1.0,-1.0,1.0,1.0
-3.6357768,-2.3857605,4.6259155,-3.471459,,inconnu,/home/valentin/Env_Python/OC_P9/mri_dataset_brain_cancer_oc/sans_label/6b28f672-9bbc-4716-98bc-ceae9b69fb7f.jpg,1.0,-1.0,1.0,1.0
19.000687,-12.768474,-13.02406,7.8481374,1.0,cancer,/home/valentin/Env_Python/OC_P9/mri_dataset_brain_cancer_oc/avec_labels/cancer/cc0ae8e9-036f-4ee9-a4ee-6828120e0ea3.jpg,,,,
9.755386,-16.872587,-15.434053,8.022389,1.0,cancer,/home/valentin/Env_Python/OC_P9/mri_dataset_brain_cancer_oc/avec_labels/cancer/ad5ff4c2-0fe6-4e8c-a022-c11fff3643f3.jpg,,,,
-17.477869,8.966622,6.5354896,-18.464828,,inconnu,/home/valentin/Env_Python/OC_P9/mri_dataset_brain_cancer_oc/sans_label/ed723d8e-2323-4570-87a3-938e3e1c3a32.jpg,1.0,5.0,1.0,1.0
19.824541,7.305804,-8.835183,18.376337,1.0,cancer,/home/valentin/Env_Python/OC_P9/mri_dataset_brain_cancer_oc/avec_labels/cancer/9c3a8bbd-8bdb-4fdc-8573-7897d77224c9.jpg,,,,
21.21415,-9.362939,-8.992915,3.1726136,,inconnu,/home/valentin/Env_Python/OC_P9/mri_dataset_brain_cancer_oc/sans_label/ac1b0ef1-5707-46b7-a97a-5312e76ce70b.jpg,0.0,0.0,0.0,0.0
30.598389,16.015306,-9.604495,23.58768,,inconnu,/home/valentin/Env_Python/OC_P9/mri_dataset_brain_cancer_oc/sans_label/3ae4539c-96a8-4428-a555-29753b701ce0.jpg,0.0,1.0,0.0,0.0
14.316047,0.63565063,-9.725125,10.594875,,inconnu,/home/valentin/Env_Python/OC_P9/mri_dataset_brain_cancer_oc/sans_label/7754d2c8-cdb5-4d26-859c-d1e6cf3547d5.jpg,0.0,0.0,0.0,0.0
-17.954973,4.227305,3.3031077,-11.931534,,inconnu,/home/valentin/Env_Python/OC_P9/mri_dataset_brain_cancer_oc/sans_label/978715e7-db82-4910-a952-40498744ae1e.jpg,1.0,-1.0,1.0,1.0
-11.251621,6.7151184,1.9010738,-15.781952,0.0,normal,/home/valentin/Env_Python/OC_P9/mri_dataset_brain_cancer_oc/avec_labels/normal/c3c504f7-a12a-42e5-92dc-41d0c0ef0ecd.jpg,,,,
-19.041967,-5.585869,7.4096713,-10.4541235,,inconnu,/home/valentin/Env_Python/OC_P9/mri_dataset_brain_cancer_oc/sans_label/aed79224-2956-4bb5-9cfe-ba66a0cc2fa3.jpg,1.0,-1.0,1.0,1.0
-11.616031,-13.311361,11.808004,-2.6541083,,inconnu,/home/valentin/Env_Python/OC_P9/mri_dataset_brain_cancer_oc/sans_label/64621ec7-b7c0-49ab-80d4-effba160d22c.jpg,1.0,4.0,1.0,1.0
-23.70886,13.413172,3.7457545,-19.138386,,inconnu,/home/valentin/Env_Python/OC_P9/mri_dataset_brain_cancer_oc/sans_label/cd80f16b-58b8-46a4-bb62-c5040bf63eeb.jpg,1.0,6.0,1.0,1.0
-13.068643,-12.38394,10.91556,-3.3100998,,inconnu,/home/valentin/Env_Python/OC_P9/mri_dataset_brain_cancer_oc/sans_label/d01ff5af-6826-4ccd-96d0-23ba9c87fece.jpg,1.0,4.0,1.0,1.0
10.66382,-17.490805,-16.9221,6.5684843,,inconnu,/home/valentin/Env_Python/OC_P9/mri_dataset_brain_cancer_oc/sans_label/12098862-5468-4b73-b0ae-8c1708d0054f.jpg,0.0,0.0,0.0,0.0
10.943696,7.0735335,-11.622863,21.021572,,inconnu,/home/valentin/Env_Python/OC_P9/mri_dataset_brain_cancer_oc/sans_label/8e7656e8-ba42-47b2-84b7-99f4cd7c25a6.jpg,0.0,1.0,0.0,0.0
15.343077,21.869253,-11.728582,19.35961,,inconnu,/home/valentin/Env_Python/OC_P9/mri_dataset_brain_cancer_oc/sans_label/0e6c5eff-a995-4729-8dec-e46350621ceb.jpg,0.0,1.0,0.0,0.0
16.421963,-13.675917,-11.133986,5.0238514,,inconnu,/home/valentin/Env_Python/OC_P9/mri_dataset_brain_cancer_oc/sans_label/25f9bbfb-a9ec-46ef-8d26-70ff3b5ef97e.jpg,0.0,0.0,0.0,0.0
13.019952,-14.758602,-16.297268,3.5209548,1.0,cancer,/home/valentin/Env_Python/OC_P9/mri_dataset_brain_cancer_oc/avec_labels/cancer/c2df5b36-1533-44b3-8a2e-e74e26bfde2c.jpg,,,,
14.475237,2.2672834,-5.852911,18.774755,0.0,normal,/home/valentin/Env_Python/OC_P9/mri_dataset_brain_cancer_oc/avec_labels/normal/4a08dc59-4f77-4ae0-80b4-749dbde82b82.jpg,,,,
11.927579,-19.547176,-15.478005,2.943791,1.0,cancer,/home/valentin/Env_Python/OC_P9/mri_dataset_brain_cancer_oc/avec_labels/cancer/c6acea0d-0c31-4ce8-b0f8-b4a610a9477d.jpg,,,,
19.800865,-5.063341,-6.0002627,14.275988,,inconnu,/home/valentin/Env_Python/OC_P9/mri_dataset_brain_cancer_oc/sans_label/58cba4ba-db60-4790-af57-466b841a20ce.jpg,0.0,-1.0,0.0,0.0
-6.863264,12.486319,2.4580362,-10.123465,,inconnu,/home/valentin/Env_Python/OC_P9/mri_dataset_brain_cancer_oc/sans_label/ee966356-43c4-4f71-9de8-6e958eda1667.jpg,1.0,-1.0,1.0,1.0
17.946426,18.284542,-1.4572375,10.733618,,inconnu,/home/valentin/Env_Python/OC_P9/mri_dataset_brain_cancer_oc/sans_label/8c98d557-62be-463f-87c0-d8b87802cd01.jpg,0.0,-1.0,0.0,0.0
-21.453697,5.3773375,2.6833763,-21.67227,,inconnu,/home/valentin/Env_Python/OC_P9/mri_dataset_brain_cancer_oc/sans_label/de13eaea-429f-4c54-b2f4-b7cf1300f44c.jpg,1.0,-1.0,1.0,1.0
0.88176847,-0.7902351,2.8494244,-1.146516,,inconnu,/home/valentin/Env_Python/OC_P9/mri_dataset_brain_cancer_oc/sans_label/8b9372c0-1cc2-4d55-b4cd-53cc82184050.jpg,1.0,-1.0,1.0,1.0
14.5548935,4.960854,-9.372174,13.840968,,inconnu,/home/valentin/Env_Python/OC_P9/mri_dataset_brain_cancer_oc/sans_label/bd379318-b2ad-42c4-825b-88ab71c55e15.jpg,0.0,-1.0,0.0,0.0
-9.582499,-15.322421,12.244389,-1.4497764,,inconnu,/home/valentin/Env_Python/OC_P9/mri_dataset_brain_cancer_oc/sans_label/322e02de-5c43-40b3-ba94-1c8992d000a9.jpg,1.0,4.0,1.0,1.0
15.112702,5.1165166,-5.778814,20.508034,,inconnu,/home/valentin/Env_Python/OC_P9/mri_dataset_brain_cancer_oc/sans_label/5c13438d-0564-4421-85c6-30d58bc1610c.jpg,0.0,1.0,0.0,0.0
15.940844,13.828395,-11.546034,20.654322,,inconnu,/home/valentin/Env_Python/OC_P9/mri_dataset_brain_cancer_oc/sans_label/caa89233-f38a-4c94-a06b-31be427c469f.jpg,0.0,1.0,0.0,0.0
-12.754591,23.249662,1.25316,-17.501509,0.0,normal,/home/valentin/Env_Python/OC_P9/mri_dataset_brain_cancer_oc/avec_labels/normal/1953e998-29b8-4d36-975f-007c4fcb84a3.jpg,,,,
13.247573,-17.632196,-16.145588,4.1116776,,inconnu,/home/valentin/Env_Python/OC_P9/mri_dataset_brain_cancer_oc/sans_label/160219f1-5b85-4655-b7ca-038a20164df1.jpg,0.0,0.0,0.0,0.0
13.223281,18.369658,-13.11892,20.8176,,inconnu,/home/valentin/Env_Python/OC_P9/mri_dataset_brain_cancer_oc/sans_label/511fbc9c-fe8c-4612-9cc4-46490987601f.jpg,0.0,1.0,0.0,0.0
18.266958,4.063618,-6.914817,18.753601,,inconnu,/home/valentin/Env_Python/OC_P9/mri_dataset_brain_cancer_oc/sans_label/097aeae8-d3da-4201-ac6c-fb697ee9df68.jpg,0.0,1.0,0.0,0.0
-14.976536,-3.1014662,9.88463,-19.408165,0.0,normal,/home/valentin/Env_Python/OC_P9/mri_dataset_brain_cancer_oc/avec_labels/normal/89b229af-866b-4625-82ea-5e8041b9236c.jpg,,,,
18.466856,9.757594,-5.2023363,21.00886,1.0,cancer,/home/valentin/Env_Python/OC_P9/mri_dataset_brain_cancer_oc/avec_labels/cancer/2fa551e9-5b85-44f6-ab71-6035b4e3f8aa.jpg,,,,
10.386939,5.24099,0.30928263,6.0531535,,inconnu,/home/valentin/Env_Python/OC_P9/mri_dataset_brain_cancer_oc/sans_label/6d76f746-5892-4047-baf4-f10e04f666b0.jpg,0.0,3.0,0.0,0.0
2.7392738,4.1747336,6.3934917,4.8830957,1.0,cancer,/home/valentin/Env_Python/OC_P9/mri_dataset_brain_cancer_oc/avec_labels/cancer/5af7f2cb-a82b-4635-865e-5b57dbc7a087.jpg,,,,
-11.429245,1.9449377,13.392388,-7.887264,,inconnu,/home/valentin/Env_Python/OC_P9/mri_dataset_brain_cancer_oc/sans_label/f5034c6f-a2da-4bb6-b3e2-c0159e7c05e7.jpg,1.0,2.0,1.0,1.0
-15.280828,-20.408083,13.105063,-11.4993,,inconnu,/home/valentin/Env_Python/OC_P9/mri_dataset_brain_cancer_oc/sans_label/73be5c72-4e3c-45c2-9e60-b710ba23c1f8.jpg,1.0,-1.0,1.0,1.0
-17.188063,9.925454,2.4897382,-11.46157,0.0,normal,/home/valentin/Env_Python/OC_P9/mri_dataset_brain_cancer_oc/avec_labels/normal/9e28ecf2-b8cd-4ea5-84b3-bf8f92d21f99.jpg,,,,
13.952928,13.344669,0.39067164,4.837146,,inconnu,/home/valentin/Env_Python/OC_P9/mri_dataset_brain_cancer_oc/sans_label/e50940e5-a20a-4eb7-8c06-cb77a0123158.jpg,0.0,3.0,0.0,0.0
-25.190474,10.076191,3.7966244,-18.960566,0.0,normal,/home/valentin/Env_Python/OC_P9/mri_dataset_brain_cancer_oc/avec_labels/normal/2251259e-64fd-44cd-b813-357d0a47e563.jpg,,,,
-22.583677,-7.5566506,10.159275,-13.215797,,inconnu,/home/valentin/Env_Python/OC_P9/mri_dataset_brain_cancer_oc/sans_label/b3cc2a2a-c893-4007-8923-cf388e074e98.jpg,1.0,-1.0,1.0,1.0
13.407776,-5.833454,-4.600216,17.699099,,inconnu,/home/valentin/Env_Python/OC_P9/mri_dataset_brain_cancer_oc/sans_label/13a6b485-3471-4a4d-b3bd-0d26e374938d.jpg,0.0,1.0,0.0,0.0
-23.380026,-5.265904,11.314319,-11.608938,,inconnu,/home/valentin/Env_Python/OC_P9/mri_dataset_brain_cancer_oc/sans_label/adf753d3-b12a-4ab5-9c8a-732f31df7bd2.jpg,1.0,-1.0,1.0,1.0
-24.959066,-12.654833,11.547092,-13.720217,0.0,normal,/home/valentin/Env_Python/OC_P9/mri_dataset_brain_cancer_oc/avec_labels/normal/4a71d847-c91b-481d-b112-3550c6655893.jpg,,,,
10.627552,-8.506691,-9.465244,4.583165,,inconnu,/home/valentin/Env_Python/OC_P9/mri_dataset_brain_cancer_oc/sans_label/adfe2464-c84b-418a-a92f-0aca61600d14.jpg,0.0,0.0,0.0,0.0
-12.116115,37.019554,17.04467,-6.6721654,,inconnu,/home/valentin/Env_Python/OC_P9/mri_dataset_brain_cancer_oc/sans_label/be754d13-4280-4fde-a6f1-cd8b899bd71a.jpg,1.0,2.0,1.0,1.0
-21.527649,-6.6957684,11.893798,-17.38642,,inconnu,/home/valentin/Env_Python/OC_P9/mri_dataset_brain_cancer_oc/sans_label/fdb0e481-28f5-44c5-bda7-21651af175cf.jpg,1.0,-1.0,1.0,1.0
-12.777319,7.71781,5.169049,-9.0050955,0.0,normal,/home/valentin/Env_Python/OC_P9/mri_dataset_brain_cancer_oc/avec_labels/normal/3f4cb3e9-75fc-4b40-942c-327f2498b37d.jpg,,,,
6.355189,3.15565,2.165508,-1.0552356,,inconnu,/home/valentin/Env_Python/OC_P9/mri_dataset_brain_cancer_oc/sans_label/ff93375a-a8ea-4c44-9679-8b62ff51b9ef.jpg,0.0,-1.0,1.0,0.0
24.313995,6.027935,-8.7870865,21.054024,,inconnu,/home/valentin/Env_Python/OC_P9/mri_dataset_brain_cancer_oc/sans_label/1fca4a00-3eb2-4667-9f39-697ae1480926.jpg,0.0,1.0,0.0,0.0
7.2658796,-5.354538,3.6307902,9.048952,1.0,cancer,/home/valentin/Env_Python/OC_P9/mri_dataset_brain_cancer_oc/avec_labels/cancer/e0eb623a-d168-445a-9ac7-b8736568b57c.jpg,,,,
5.3928785,19.115353,-15.801823,15.36197,,inconnu,/home/valentin/Env_Python/OC_P9/mri_dataset_brain_cancer_oc/sans_label/6c5918ac-71ee-4296-a568-a9f82426b361.jpg,0.0,-1.0,0.0,0.0
13.075933,-13.038916,-13.337627,2.3162084,,inconnu,/home/valentin/Env_Python/OC_P9/mri_dataset_brain_cancer_oc/sans_label/487ce1da-e303-4e8d-bcc4-9e857ad7b982.jpg,0.0,-1.0,0.0,0.0
-10.082437,19.043684,-0.15286914,-20.983065,1.0,cancer,/home/valentin/Env_Python/OC_P9/mri_dataset_brain_cancer_oc/avec_labels/cancer/7e3f6acd-c9cc-440e-ba01-fedab0462fed.jpg,,,,
3.022936,-8.995715,4.455996,1.4264904,,inconnu,/home/valentin/Env_Python/OC_P9/mri_dataset_brain_cancer_oc/sans_label/8a3db00b-8e54-41d5-8e58-d4c709f586bf.jpg,0.0,-1.0,1.0,0.0
11.820015,-8.41611,-19.225847,5.3721924,,inconnu,/home/valentin/Env_Python/OC_P9/mri_dataset_brain_cancer_oc/sans_label/cf268860-0c5d-4366-b634-141e2bbac6e8.jpg,0.0,-1.0,0.0,0.0
-13.919123,22.737864,0.62965894,-22.531378,,inconnu,/home/valentin/Env_Python/OC_P9/mri_dataset_brain_cancer_oc/sans_label/3bf6c1a5-f039-4408-8034-4c575ab55e7b.jpg,1.0,-1.0,1.0,1.0
-11.542277,8.104895,5.413486,-21.122046,0.0,normal,/home/valentin/Env_Python/OC_P9/mri_dataset_brain_cancer_oc/avec_labels/normal/4a2102b8-0fb8-479a-ad2a-0b5e704489e5.jpg,,,,
18.929193,2.645181,-4.215044,19.082115,,inconnu,/home/valentin/Env_Python/OC_P9/mri_dataset_brain_cancer_oc/sans_label/62c94be8-7c39-492e-b536-c5251beb12f3.jpg,0.0,1.0,0.0,0.0
-15.212618,0.010297896,6.307514,-21.782145,0.0,normal,/home/valentin/Env_Python/OC_P9/mri_dataset_brain_cancer_oc/avec_labels/normal/14703976-0467-4acb-ade4-8a375ebfd4f9.jpg,,,,
-20.645695,-2.3401513,8.929009,-10.602225,0.0,normal,/home/valentin/Env_Python/OC_P9/mri_dataset_brain_cancer_oc/avec_labels/normal/b9b56b95-43de-4c35-8362-400e9271af71.jpg,,,,
-16.889666,-6.5966587,7.200316,-11.954961,0.0,normal,/home/valentin/Env_Python/OC_P9/mri_dataset_brain_cancer_oc/avec_labels/normal/cb46329d-12f5-451d-94c6-cb094c101742.jpg,,,,
19.6078,-13.152917,-11.64352,7.7037983,1.0,cancer,/home/valentin/Env_Python/OC_P9/mri_dataset_brain_cancer_oc/avec_labels/cancer/d66dbd3f-d03a-43c9-bf95-a97503acc602.jpg,,,,
-16.384508,8.248965,3.7419717,-14.480704,0.0,normal,/home/valentin/Env_Python/OC_P9/mri_dataset_brain_cancer_oc/avec_labels/normal/c5a4a35f-f192-4df8-b2c7-025b3619cbae.jpg,,,,
18.028202,-13.533101,-9.315068,6.9969287,,inconnu,/home/valentin/Env_Python/OC_P9/mri_dataset_brain_cancer_oc/sans_label/3131e231-a5f8-4a5d-99e2-166cd2bc6122.jpg,0.0,0.0,0.0,0.0
-8.240925,-8.260078,10.48296,1.1676662,,inconnu,/home/valentin/Env_Python/OC_P9/mri_dataset_brain_cancer_oc/sans_label/227fd1b8-0717-4aad-839f-606c00e59b2c.jpg,1.0,-1.0,1.0,1.0
22.974234,5.7106276,-5.745485,22.327286,,inconnu,/home/valentin/Env_Python/OC_P9/mri_dataset_brain_cancer_oc/sans_label/5343b736-574c-4a8b-8a26-606a727a3ba2.jpg,0.0,1.0,0.0,0.0
15.012356,6.2498193,-12.795262,13.139618,,inconnu,/home/valentin/Env_Python/OC_P9/mri_dataset_brain_cancer_oc/sans_label/5735cc06-85b0-48a3-84c0-b636f7817ac5.jpg,0.0,0.0,0.0,0.0
-19.919085,-6.984274,10.967055,-17.842112,0.0,normal,/home/valentin/Env_Python/OC_P9/mri_dataset_brain_cancer_oc/avec_labels/normal/defdbef3-bea2-4f32-9d9a-62af1102ebfd.jpg,,,,
-7.4821167,-5.560427,5.3376856,-2.802919,1.0,cancer,/home/valentin/Env_Python/OC_P9/mri_dataset_brain_cancer_oc/avec_labels/cancer/9ff6e310-b23a-4240-ac18-9fd99bd48e80.jpg,,,,
8.248712,-4.997014,3.674361,7.116991,,inconnu,/home/valentin/Env_Python/OC_P9/mri_dataset_brain_cancer_oc/sans_label/3afd9d56-d6e9-4d81-bdf7-2ee60e20f366.jpg,0.0,3.0,0.0,0.0
-20.43546,2.4052505,3.0314739,-11.608338,0.0,normal,/home/valentin/Env_Python/OC_P9/mri_dataset_brain_cancer_oc/avec_labels/normal/3c213abc-ab17-4037-a8e5-caa7bc1babe1.jpg,,,,
26.263597,9.102484,-3.432074,23.36885,,inconnu,/home/valentin/Env_Python/OC_P9/mri_dataset_brain_cancer_oc/sans_label/25250488-7283-4694-9748-af05b55cb8d1.jpg,0.0,-1.0,0.0,0.0
4.496216,-1.0422945,-14.262883,-1.0462412,1.0,cancer,/home/valentin/Env_Python/OC_P9/mri_dataset_brain_cancer_oc/avec_labels/cancer/90f3723c-bc7e-4ad4-a0d7-574a70952231.jpg,,,,
-24.616653,-5.817055,9.46671,-13.758772,0.0,normal,/home/valentin/Env_Python/OC_P9/mri_dataset_brain_cancer_oc/avec_labels/normal/692bfc6f-bcec-42a8-90e9-a867895b9a4b.jpg,,,,
18.945251,7.101387,-10.131307,16.818207,,inconnu,/home/valentin/Env_Python/OC_P9/mri_dataset_brain_cancer_oc/sans_label/51a311cf-b0df-4759-8b4b-0dae8eee2a4e.jpg,0.0,-1.0,0.0,0.0
-15.972474,-7.4729724,15.984958,-11.222569,0.0,normal,/home/valentin/Env_Python/OC_P9/mri_dataset_brain_cancer_oc/avec_labels/normal/2794c549-1ec3-4d08-abed-84ccd53791f3.jpg,,,,
9.701813,-8.60196,-7.664418,7.57636,,inconnu,/home/valentin/Env_Python/OC_P9/mri_dataset_brain_cancer_oc/sans_label/4ff209cf-48f8-4f62-a113-e34ca9b65ce2.jpg,0.0,0.0,0.0,0.0
8.648905,-8.617015,-10.442575,5.324383,1.0,cancer,/home/valentin/Env_Python/OC_P9/mri_dataset_brain_cancer_oc/avec_labels/cancer/4d14c944-eed4-4c4f-8fd9-cbbb53e8f35d.jpg,,,,
-9.438798,-8.420824,6.953678,-3.7499049,1.0,cancer,/home/valentin/Env_Python/OC_P9/mri_dataset_brain_cancer_oc/avec_labels/cancer/7565fa51-16fd-4a71-a942-b91713a7a0d6.jpg,,,,
-5.102986,8.439532,7.701948,-7.405946,,inconnu,/home/valentin/Env_Python/OC_P9/mri_dataset_brain_cancer_oc/sans_label/aff26bce-b891-41bc-9ee6-b296d8b76f59.jpg,1.0,2.0,1.0,1.0
-0.49272084,-4.5709457,3.7417314,1.3970197,,inconnu,/home/valentin/Env_Python/OC_P9/mri_dataset_brain_cancer_oc/sans_label/1def01bc-1c88-40a1-8c55-e1c748952af2.jpg,0.0,-1.0,1.0,0.0
4.4848275,3.3459198,5.238925,6.7229695,,inconnu,/home/valentin/Env_Python/OC_P9/mri_dataset_brain_cancer_oc/sans_label/8e081513-46fe-441d-b4a0-54d770656a08.jpg,0.0,3.0,0.0,0.0
-12.024093,32.229866,15.789633,-7.260882,,inconnu,/home/valentin/Env_Python/OC_P9/mri_dataset_brain_cancer_oc/sans_label/53e9498b-de30-45f9-9653-768b3838b364.jpg,1.0,2.0,1.0,1.0
-14.298112,-19.767448,10.742992,-2.6179483,,inconnu,/home/valentin/Env_Python/OC_P9/mri_dataset_brain_cancer_oc/sans_label/6c4e751a-c8c2-41f6-914b-81e86cf46ae1.jpg,1.0,4.0,1.0,1.0
21.56265,4.7576594,-7.527905,14.877312,1.0,cancer,/home/valentin/Env_Python/OC_P9/mri_dataset_brain_cancer_oc/avec_labels/cancer/d018fae6-42d9-4de3-acbf-6c2637c28482.jpg,,,,
7.60891,11.739927,4.2744246,5.195674,,inconnu,/home/valentin/Env_Python/OC_P9/mri_dataset_brain_cancer_oc/sans_label/16c95930-a0c3-49d7-9d09-813d796db9e7.jpg,0.0,3.0,0.0,0.0
-19.319252,-7.1141653,15.943416,-11.976273,0.0,normal,/home/valentin/Env_Python/OC_P9/mri_dataset_brain_cancer_oc/avec_labels/normal/4131a20d-a19d-4cd9-8791-ee358e6f42d6.jpg,,,,
-14.380068,16.585909,0.8257514,-20.071716,,inconnu,/home/valentin/Env_Python/OC_P9/mri_dataset_brain_cancer_oc/sans_label/caccba4d-45cf-4224-a100-1fba0556a251.jpg,1.0,-1.0,1.0,1.0
-13.417791,14.580968,2.5105274,-7.576054,1.0,cancer,/home/valentin/Env_Python/OC_P9/mri_dataset_brain_cancer_oc/avec_labels/cancer/9973120d-7335-43da-bd9b-3c686afbcf32.jpg,,,,
20.778362,-17.666355,-12.939649,8.819867,,inconnu,/home/valentin/Env_Python/OC_P9/mri_dataset_brain_cancer_oc/sans_label/7c41e40d-4e72-472c-8da0-b2ce9d642203.jpg,0.0,0.0,0.0,0.0
-12.08671,-6.528322,8.4692955,-8.598799,,inconnu,/home/valentin/Env_Python/OC_P9/mri_dataset_brain_cancer_oc/sans_label/ee86a462-65df-4c23-88cf-3d92e54de3f5.jpg,1.0,2.0,1.0,1.0
7.4515853,3.3978753,3.9097862,9.373788,,inconnu,/home/valentin/Env_Python/OC_P9/mri_dataset_brain_cancer_oc/sans_label/f059ae69-f3e0-4c16-8fbb-0b8c94ea31a1.jpg,0.0,3.0,0.0,0.0
-4.233321,-9.343114,7.061168,-1.6025211,1.0,cancer,/home/valentin/Env_Python/OC_P9/mri_dataset_brain_cancer_oc/avec_labels/cancer/fc219ce8-d4b3-4015-bb19-3ee1bb963e3e.jpg,,,,
23.069796,11.234236,-5.128854,13.847105,,inconnu,/home/valentin/Env_Python/OC_P9/mri_dataset_brain_cancer_oc/sans_label/50b98648-0e5b-4fbd-bb2b-bef1be46a55b.jpg,0.0,-1.0,0.0,0.0
6.4556913,-3.002538,3.4748836,7.932915,,inconnu,/home/valentin/Env_Python/OC_P9/mri_dataset_brain_cancer_oc/sans_label/5ddcb581-7e49-4d44-9cb0-ff728b2a0742.jpg,0.0,3.0,0.0,0.0
16.882988,-11.573136,-11.261796,6.670934,,inconnu,/home/valentin/Env_Python/OC_P9/mri_dataset_brain_cancer_oc/sans_label/d134e654-ec17-49ae-8f06-386e65e0035f.jpg,0.0,0.0,0.0,0.0
10.136294,11.83842,-10.54734,21.690548,,inconnu,/home/valentin/Env_Python/OC_P9/mri_dataset_brain_cancer_oc/sans_label/fe83bb10-600a-40fa-b7a9-13e79ecf1bca.jpg,0.0,1.0,0.0,0.0
-20.340097,-4.9696746,10.362036,-15.976912,,inconnu,/home/valentin/Env_Python/OC_P9/mri_dataset_brain_cancer_oc/sans_label/1e7b48e7-c206-4428-ad08-20dc11a6b5a5.jpg,1.0,-1.0,1.0,1.0
-18.524778,-17.915258,14.776705,-13.228465,0.0,normal,/home/valentin/Env_Python/OC_P9/mri_dataset_brain_cancer_oc/avec_labels/normal/7b966204-9ca7-4960-b261-026b29b427c4.jpg,,,,
-1.6220229,7.1554375,11.468691,-6.4796247,,inconnu,/home/valentin/Env_Python/OC_P9/mri_dataset_brain_cancer_oc/sans_label/a399a471-fd58-48b0-82a3-5eed99068570.jpg,1.0,2.0,1.0,1.0
-4.764902,22.96808,15.795297,-5.9844637,,inconnu,/home/valentin/Env_Python/OC_P9/mri_dataset_brain_cancer_oc/sans_label/18011cd7-53f6-4189-93f0-9e5456154720.jpg,1.0,2.0,1.0,1.0
-16.896729,-19.485565,10.159532,-3.4734888,,inconnu,/home/valentin/Env_Python/OC_P9/mri_dataset_brain_cancer_oc/sans_label/7d258fda-1121-4de6-8463-9ea87d01c71b.jpg,1.0,4.0,1.0,1.0
-24.754686,-6.0381103,11.766272,-19.161901,0.0,normal,/home/valentin/Env_Python/OC_P9/mri_dataset_brain_cancer_oc/avec_labels/normal/8e1cc70d-cccd-416c-99a5-df64bcadeb26.jpg,,,,
-2.483955,11.30407,6.364215,7.5069585,1.0,cancer,/home/valentin/Env_Python/OC_P9/mri_dataset_brain_cancer_oc/avec_labels/cancer/11a7a426-4806-401e-98b2-b96e7094d1a6.jpg,,,,
-7.5402308,23.261818,17.380812,-15.013637,,inconnu,/home/valentin/Env_Python/OC_P9/mri_dataset_brain_cancer_oc/sans_label/628c2c9d-aed0-4bd5-a55c-755fd07afa3c.jpg,1.0,-1.0,0.0,1.0
-21.706442,-1.1644909,13.003959,-19.661407,,inconnu,/home/valentin/Env_Python/OC_P9/mri_dataset_brain_cancer_oc/sans_label/c856da77-71b1-4e2f-9ddb-93d279822202.jpg,1.0,-1.0,1.0,1.0
18.037714,-5.484143,-5.4932036,16.696121,,inconnu,/home/valentin/Env_Python/OC_P9/mri_dataset_brain_cancer_oc/sans_label/a3337a5a-2572-42d5-b94d-737da22ff3a9.jpg,0.0,1.0,0.0,0.0
-13.419851,-14.020011,12.735049,-2.138629,,inconnu,/home/valentin/Env_Python/OC_P9/mri_dataset_brain_cancer_oc/sans_label/bfbbb8e6-e856-4b37-a623-adc115a549d7.jpg,1.0,4.0,1.0,1.0
15.243717,-15.45533,-10.108391,1.7074696,,inconnu,/home/valentin/Env_Python/OC_P9/mri_dataset_brain_cancer_oc/sans_label/ddf0c26b-3f44-422a-b2b4-b20ad5730424.jpg,0.0,0.0,0.0,0.0
12.026581,-14.199601,-7.114279,5.159034,,inconnu,/home/valentin/Env_Python/OC_P9/mri_dataset_brain_cancer_oc/sans_label/25e31a25-25eb-4c22-a414-0fb8eae6cf09.jpg,0.0,-1.0,0.0,0.0
-10.293388,-2.5603926,8.250009,-6.040761,1.0,cancer,/home/valentin/Env_Python/OC_P9/mri_dataset_brain_cancer_oc/avec_labels/cancer/546ccef0-d10d-4e24-b3dd-660365910236.jpg,,,,
-8.533843,-11.188975,8.384733,-4.143266,,inconnu,/home/valentin/Env_Python/OC_P9/mri_dataset_brain_cancer_oc/sans_label/06b17341-f3bb-4f31-8198-1ebdccbe2367.jpg,1.0,4.0,1.0,1.0
18.63408,17.308453,-11.714418,15.226559,,inconnu,/home/valentin/Env_Python/OC_P9/mri_dataset_brain_cancer_oc/sans_label/e3102899-9a33-4b7b-937e-debb6d16aeb1.jpg,0.0,-1.0,0.0,0.0
5.512617,-2.4906402,-6.870239,5.7543383,,inconnu,/home/valentin/Env_Python/OC_P9/mri_dataset_brain_cancer_oc/sans_label/de4a58ef-0572-499a-8b39-437d6605102e.jpg,0.0,-1.0,0.0,0.0
-8.103772,1.3013016,4.392842,-3.4407234,1.0,cancer,/home/valentin/Env_Python/OC_P9/mri_dataset_brain_cancer_oc/avec_labels/cancer/f72a85aa-c5ab-4a91-98ec-01bf004d87e3.jpg,,,,
18.595942,5.496002,-7.942375,16.346317,1.0,cancer,/home/valentin/Env_Python/OC_P9/mri_dataset_brain_cancer_oc/avec_labels/cancer/695f9d7a-083f-4856-83d1-638d13b39c99.jpg,,,,
0.5683455,9.839981,6.6752105,3.0639365,1.0,cancer,/home/valentin/Env_Python/OC_P9/mri_dataset_brain_cancer_oc/avec_labels/cancer/73352791-6331-48a0-b0d1-045fb31d376c.jpg,,,,
12.894622,-4.205239,-14.893568,5.2049847,,inconnu,/home/valentin/Env_Python/OC_P9/mri_dataset_brain_cancer_oc/sans_label/1fa589e0-0d6d-4bd3-9134-961fb3e14f8f.jpg,0.0,0.0,0.0,0.0
16.958834,-17.696333,-13.690483,3.2822945,1.0,cancer,/home/valentin/Env_Python/OC_P9/mri_dataset_brain_cancer_oc/avec_labels/cancer/e3d3fa80-8a89-4051-b0fa-0c8b4afd2c0a.jpg,,,,
-11.24346,-1.2138485,8.071865,-7.848357,,inconnu,/home/valentin/Env_Python/OC_P9/mri_dataset_brain_cancer_oc/sans_label/4c7dd03b-a2d7-4008-9f72-b62d0f958e63.jpg,1.0,2.0,1.0,1.0
-24.397562,-3.56789,9.535783,-14.015503,0.0,normal,/home/valentin/Env_Python/OC_P9/mri_dataset_brain_cancer_oc/avec_labels/normal/11825cf3-9b35-42d3-ac99-21f26dd2f94e.jpg,,,,
-12.278309,9.107391,1.9519879,-19.518986,0.0,normal,/home/valentin/Env_Python/OC_P9/mri_dataset_brain_cancer_oc/avec_labels/normal/525c8281-5980-4d11-b608-5176bdeb092b.jpg,,,,
-1.6182779,7.1753397,1.0206277,-2.026234,,inconnu,/home/valentin/Env_Python/OC_P9/mri_dataset_brain_cancer_oc/sans_label/0a82d661-71fa-4297-a271-e0f105fb5493.jpg,1.0,-1.0,1.0,1.0
17.051287,10.579243,-15.370907,14.495048,,inconnu,/home/valentin/Env_Python/OC_P9/mri_dataset_brain_cancer_oc/sans_label/5434d6b2-b0dd-42d7-832c-ae465e64ddc2.jpg,0.0,-1.0,0.0,0.0
12.142092,2.5648804,1.1611276,6.607726,,inconnu,/home/valentin/Env_Python/OC_P9/mri_dataset_brain_cancer_oc/sans_label/8131dd8a-544c-47cb-b780-a970a3c6de3d.jpg,0.0,3.0,0.0,0.0
19.175385,0.748882,-7.999303,17.183777,1.0,cancer,/home/valentin/Env_Python/OC_P9/mri_dataset_brain_cancer_oc/avec_labels/cancer/5066bf9b-d944-4d40-ba06-d3242c7a4fd1.jpg,,,,
-23.054401,-8.769381,12.841766,-18.335789,0.0,normal,/home/valentin/Env_Python/OC_P9/mri_dataset_brain_cancer_oc/avec_labels/normal/2593c9b2-36d5-433b-81bf-44ab993a795e.jpg,,,,
